{
	"color" : [ 0.400000005960464, 0.400000005960464, 0.75, 1.0 ],
	"thickness" : 1.0,
	"point_style" : "none",
	"line_style" : "lines",
	"number_style" : "none",
	"filter" : "atodb",
	"domain_start" : 0.0,
	"domain_end" : 22050.0,
	"domain_style" : "log",
	"domain_markers" : [ 0.0, 10.0, 20.0, 30.0, 40.0, 50.0, 60.0, 70.0, 80.0, 90.0, 100.0, 200.0, 300.0, 400.0, 500.0, 600.0, 700.0, 800.0, 900.0, 1000.0, 2000.0, 3000.0, 4000.0, 5000.0, 6000.0, 7000.0, 8000.0, 9000.0, 10000.0, 20000.0, 22050.0 ],
	"domain_labels" : [ 10.0, "10", 100.0, "100", 1000.0, "1K", 10000.0, "10K", 20000.0, "20K" ],
	"range_start" : -132.0,
	"range_end" : 0.0,
	"range_style" : "linear",
	"range_markers" : [ -132.0, -120.0, -108.0, -96.0, -84.0, -72.0, -60.0, -48.0, -36.0, -24.0, -12.0, 0.0 ],
	"range_labels" : [ 0.0, "0", -12.0, "-12", -24.0, "-24", -36.0, "-36", -48.0, "-48", -60.0, "-60", -72.0, "-72", -84.0, "-84", -96.0, "-96", -108.0, "-108", -120.0, "-120", -132.0, "-132" ],
	"origin_x" : 0.0,
	"origin_y" : 0.0,
	"data" : [ -22.3359603385159, -20.571712372415611, -21.903666549467854, -25.897951307297966, -29.26619527386627, -31.065256632908348, -33.943090114303502, -31.230324694797599, -32.734381057130172, -29.168233172794356, -32.889095169543502, -34.37639476299897, -36.321975507271148, -40.648622607559268, -40.958640264807904, -35.827989948697351, -33.115111956739355, -36.999975506125601, -37.035398130192362, -41.123776311748358, -31.77896449525592, -33.613150326340197, -32.348869883723552, -33.493474729648781, -39.866694068226856, -35.716420203375172, -38.952247449568034, -38.937827223466527, -40.840117048664908, -38.324156746464787, -36.544388727537473, -40.952888059993654, -35.353123170425931, -37.20133344867768, -32.418836935250894, -27.689114969536778, -26.353007229895891, -30.50612201946533, -34.630646099291596, -30.397301568165538, -36.340350386941559, -34.953458184278674, -41.071859849562614, -40.873199386460108, -40.90496213802119, -41.606395233568946, -43.100831854137944, -46.785445657895096, -43.208523320942263, -43.700938805450065, -43.420675572723852, -45.445870706108238, -44.723809074218472, -45.771716824191209, -44.930895239125867, -46.807951537072732, -45.270578402942476, -47.168460754395049, -44.601712150818457, -47.184316397851163, -44.880479248369447, -47.568125008006049, -44.545208747846701, -48.417630036117316, -43.67532479122108, -43.078011453188878, -45.461013428087782, -44.226508414859076, -45.7263455243057, -44.72166184514505, -46.059937283231449, -41.217017875363773, -43.998348413039366, -42.807145090911732, -41.681024336644029, -44.384095232558835, -47.833725420501892, -48.138870948299335, -45.042105508372174, -43.844419187907128, -47.614198423745506, -44.272803185574013, -45.4107427969508, -46.645463794430675, -48.930282697882404, -49.182874132336835, -49.684925481502717, -52.422113158045534, -48.802121290264687, -54.519082804701348, -51.509580076742935, -51.425082972269045, -53.27015801560389, -53.462070926627305, -50.856611879335823, -51.81906340391204, -53.591181662649518, -53.946656698559522, -50.80748942424308, -52.4940624054165, -53.514412988050964, -51.316873146744285, -54.656438767903211, -57.196604654244815, -53.12331600455758, -53.467233039906205, -52.777869148656187, -54.319338868820779, -52.177909932667312, -49.381242390156991, -53.188936497566843, -53.952835250013528, -52.47478820223003, -52.148346648955773, -48.632956952126406, -45.853841485819757, -48.534789823624138, -45.147974174116968, -45.544446543378228, -47.407851962517256, -47.565407160846924, -45.407768826484876, -48.371112059604528, -49.9912325030582, -47.294153453503782, -51.49959951572221, -48.107991896014539, -47.583837071870022, -47.522466270093233, -50.767011271627716, -51.682825258620085, -52.526763157645597, -50.636634180246972, -55.588374230524771, -51.711498766911077, -52.41672670087862, -52.06619723006304, -55.018923928316454, -56.138155722075012, -55.333271085931045, -58.26999120603206, -58.52487068197388, -54.702145022703007, -56.957580333516738, -53.853566071628968, -58.40224706144248, -55.242810214350527, -55.885550888913251, -57.397473049591703, -55.391016544920674, -56.767416773252307, -54.851813949709339, -55.880965283267614, -56.428178572982041, -56.383072910707519, -55.973874422024679, -53.298207610454398, -59.767677537157759, -55.649699184483012, -56.198357005937524, -56.359456236305988, -54.660858386347371, -52.025827085630361, -57.306852221171155, -55.777299013582031, -56.3258292410531, -52.031201357939395, -52.063856137814341, -55.068052003311756, -56.292159361060847, -53.200905434862868, -56.080729643718961, -59.402591687408389, -54.893021374475303, -56.709599524781297, -57.516242191335152, -60.810706853457923, -54.390535540325835, -57.032342502362056, -61.090996414240657, -60.620392948174285, -56.924753043417873, -63.657550854507541, -58.103882337761632, -57.734657204079255, -59.615261849353764, -59.278216533216096, -58.151297751339222, -58.248827316579018, -56.676057911804406, -56.227579926331678, -57.825001781015388, -61.126082959859559, -59.088901718716841, -59.647728182821695, -53.842310915859343, -59.549392744682081, -54.390299076296806, -58.830368686690584, -59.3605098544786, -57.777355587288426, -54.200192204809483, -58.750872610934969, -60.694141277951196, -56.173181044537237, -61.285240772615104, -59.174649893902505, -58.740911473755006, -57.007394440679661, -58.312531294206273, -59.972751486106326, -60.139606146332241, -56.968606597975977, -59.613811888665289, -58.280725586190457, -56.065087947337148, -59.035017212398046, -58.208440050766356, -59.232617576481246, -60.218556875030743, -58.267024717175417, -60.741500199838434, -55.910364562431631, -57.179518911867405, -58.862506880011971, -59.449711711359853, -62.147484749422794, -60.301882054192937, -57.732018284585642, -59.84421680243738, -58.297132115310795, -61.974520858440968, -60.454686220174494, -60.623368454252926, -58.943223096998167, -58.899900156744494, -57.678809445148985, -55.217071022260029, -56.228217869467628, -58.818738135205322, -60.800543422989428, -59.813999316868099, -57.608134128598778, -57.772876646097082, -55.858982532274723, -62.424205964532931, -59.001696471181447, -57.769582933274812, -61.298772402714093, -59.359219229472146, -58.547353600976251, -58.875852156508223, -58.187115354659397, -58.593241792311773, -58.532225934906641, -61.805088564991649, -59.322810128878245, -58.029357422720281, -60.585376668604674, -58.758131274280672, -59.50149078433175, -58.911787486956129, -58.201149499189256, -58.28241500613629, -60.086080581199575, -59.086938063256341, -59.864224868565046, -60.994396402681957, -61.419371506323259, -61.880616295113882, -59.519494615747426, -60.097900033075064, -59.035854778569444, -60.70375798430927, -58.604981856618281, -61.155821508489893, -58.252368773068255, -61.464536006463668, -61.08787755347609, -57.739116553336245, -61.578119683082207, -59.132854002255904, -60.242212162457562, -57.448939800827631, -59.609395687396109, -61.880767209535527, -58.462746765021166, -63.114862060604352, -63.328250952199177, -58.595866109802785, -63.953575467114433, -61.156378100454546, -62.331026978557375, -61.617924980030864, -62.217199189225532, -62.036451959515503, -61.747467314652802, -68.066469252231414, -63.304121042593238, -60.041848668452758, -62.189616811933831, -62.927042687824482, -60.746764837916992, -63.610584629664373, -58.887816951550398, -60.819705411246836, -61.235078976268646, -63.368477079585332, -65.28063472576298, -61.511481680400699, -60.66993125063243, -63.171435469267962, -61.613628033490258, -61.935672758887428, -68.877543031626075, -58.977755275927024, -59.584094611667872, -60.432094470655201, -62.999100000895794, -61.57610238666588, -63.846137432589877, -62.400288087132346, -64.424921770775541, -60.507675739714628, -61.79994847881126, -66.333782242398883, -61.73626005937065, -62.384365446910969, -59.464960951293151, -63.90607102664373, -65.589984375886473, -63.604498622679692, -63.889891394461529, -60.991391528421175, 